Workbook
Name PVT_data: PVT_data!$A$9:$C$33
Name Sw_h_data: cap_pres!#REF!

Sheet petrophysocs
A1: Well petrophysics data
A3: well | B3: dfe | C3: Bajocian (m tvss) | E3: Bajocian (m ahd) | H3: gross | I3: nett | J3: NTG | K3: poro
B4: m tvss | C4: top | D4: base | E4: top | F4: base | H4: m | I4: m
A5: 15/9-B | B5: 26.4 | C5: 3007.16 | D5: 3055 | E5: 3033.56 | F5: 3081.4 | H5: 47.84 | I5: 44.252 | J5: 0.925 | K5: 0.223
A6: 15/9-C | B6: 33.2 | C6: 2817.67 | D6: 2885.26 | E6: 2850.87 | F6: 2918.46 | H6: 67.59 | I6: 65.35953 | J6: 0.967 | K6: 0.216
A7: 15/9-A | B7: 33.2 | C7: 3014.53 | D7: 3096.55 | E7: 3047.73 | F7: 3129.75 | H7: 82.02 | I7: 61.1049 | J7: 0.745 | K7: 0.173
B9: =AVERAGE(B5:B7) -> 30.933333 | I9: mean | J9: =AVERAGE(J5:J7) -> 0.879 | K9: =AVERAGE(K5:K7) -> 0.204
B10: =_xlfn.STDEV.S( B5:B7) -> 3.9259818 | I10: std | J10: =_xlfn.STDEV.S( J5:J7) -> 0.11793218 | K10: =_xlfn.STDEV.S( K5:K7) -> 0.027073973
C11: Radius | D11: 1627
C12: A | D12: =PI()*D11^2 -> 8316201
C13: GRV | D13: =D12*B9 -> 2.5724782e+08
C14: pi/zi | D14: =VLOOKUP(MDT_data!C29,PVT_data!A9:G33,7) -> 304.32717 | H14: Low | P14: Mid | X14: High
H15: time | I15: Q | J15: Reserve | K15: GIIP | L15: CumProd | M15: Pr | N15: CumCond | P15: time | Q15: Q | R15: Reserve | S15: GIIP | T15: CumProd | U15: Pr | V15: CumCond | X15: time | Y15: Q | Z15: Reserve | AA15: GIIP | AB15: CumProd | AC15: Pr | AD15: CumCond
D16: Low | E16: Mid | F16: High | H16: 0 | I16: =D$23 -> 1000000 | J16: =K16 -> 7.7716452e+09 | K16: =D20 -> 7.7716452e+09 | L16: 0 | M16: =VLOOKUP($D$14*(J16/K16),PVT_data!$G$9:$H$33, 2) -> 285 | N16: =$D$25-J16*VLOOKUP(M16,PVT_data!$A$9:$E$33,4)/1000000 -> 0 | P16: 0 | Q16: =E$23 -> 928075.28 | R16: =S16 -> 5.8379923e+09 | S16: =E20 -> 5.8379923e+09 | T16: 0 | U16: =VLOOKUP($D$14*(R16/S16),PVT_data!$G$9:$H$33, 2) -> 285 | V16: =$E$25-R16*VLOOKUP(U16,PVT_data!$A$9:$E$33,4)/1000000 -> 0 | X16: 0 | Y16: =F$23 -> 653363.82 | Z16: =AA16 -> 4.0114128e+09 | AA16: =F20 -> 4.0114128e+09 | AB16: 0 | AC16: =VLOOKUP($D$14*(Z16/AA16),PVT_data!$G$9:$H$33, 2) -> 285 | AD16: =$F$25-Z16*VLOOKUP(AC16,PVT_data!$A$9:$E$33,4)/1000000 -> 0
C17: NTG | D17: =MIN(1, E17+1.282*J10) -> 1 | E17: =J9 -> 0.879 | F17: =E17-1.282*J10 -> 0.72781094 | H17: 1 | I17: =D$23 -> 1000000 | J17: =K17-L17 -> 7.4066452e+09 | K17: =K16 -> 7.7716452e+09 | L17: =I16*365+L16 -> 365000000 | M17: =VLOOKUP($D$14*(J17/K17),PVT_data!$G$9:$H$33, 2) -> 255 | N17: =$D$25-J17*VLOOKUP(M17,PVT_data!$A$9:$E$33,4)/1000000 -> 582423.85 | P17: 1 | Q17: =E$23 -> 928075.28 | R17: =S17-T17 -> 5.4992448e+09 | S17: =S16 -> 5.8379923e+09 | T17: =Q16*365+T16 -> 3.3874748e+08 | U17: =VLOOKUP($D$14*(R17/S17),PVT_data!$G$9:$H$33, 2) -> 255 | V17: =$E$25-R17*VLOOKUP(U17,PVT_data!$A$9:$E$33,4)/1000000 -> 456522.39 | X17: 1 | Y17: =F$23 -> 653363.82 | Z17: =AA17-AB17 -> 3.772935e+09 | AA17: =AA16 -> 4.0114128e+09 | AB17: =Y16*365+AB16 -> 2.3847779e+08 | AC17: =VLOOKUP($D$14*(Z17/AA17),PVT_data!$G$9:$H$33, 2) -> 255 | AD17: =$F$25-Z17*VLOOKUP(AC17,PVT_data!$A$9:$E$33,4)/1000000 -> 315369.94
C18: Poro | D18: =E18+1.282*K10 -> 0.23870883 | E18: =K9 -> 0.204 | F18: =E18-1.282*K10 -> 0.16929117 | H18: 2 | I18: =D$23 -> 1000000 | J18: =K18-L18 -> 7.0416452e+09 | K18: =K17 -> 7.7716452e+09 | L18: =I17*365+L17 -> 730000000 | M18: =VLOOKUP($D$14*(J18/K18),PVT_data!$G$9:$H$33, 2) -> 240 | N18: =$D$25-J18*VLOOKUP(M18,PVT_data!$A$9:$E$33,4)/1000000 -> 876001.91 | P18: 2 | Q18: =E$23 -> 928075.28 | R18: =S18-T18 -> 5.1604974e+09 | S18: =S17 -> 5.8379923e+09 | T18: =Q17*365+T17 -> 6.7749495e+08 | U18: =VLOOKUP($D$14*(R18/S18),PVT_data!$G$9:$H$33, 2) -> 240 | V18: =$E$25-R18*VLOOKUP(U18,PVT_data!$A$9:$E$33,4)/1000000 -> 692653.7 | X18: 2 | Y18: =F$23 -> 653363.82 | Z18: =AA18-AB18 -> 3.5344572e+09 | AA18: =AA17 -> 4.0114128e+09 | AB18: =Y17*365+AB17 -> 4.7695559e+08 | AC18: =VLOOKUP($D$14*(Z18/AA18),PVT_data!$G$9:$H$33, 2) -> 240 | AD18: =$F$25-Z18*VLOOKUP(AC18,PVT_data!$A$9:$E$33,4)/1000000 -> 479002.14
C19: Sw | D19: ='Saturation Calculation'!H14 -> 0.49901646 | E19: =D19 -> 0.49901646 | F19: =E19 -> 0.49901646 | H19: 3 | I19: =D$23 -> 1000000 | J19: =K19-L19 -> 6.6766452e+09 | K19: =K18 -> 7.7716452e+09 | L19: =I18*365+L18 -> 1095000000 | M19: =VLOOKUP($D$14*(J19/K19),PVT_data!$G$9:$H$33, 2) -> 225 | N19: =$D$25-J19*VLOOKUP(M19,PVT_data!$A$9:$E$33,4)/1000000 -> 1131914.4 | P19: 3 | Q19: =E$23 -> 928075.28 | R19: =S19-T19 -> 4.8217499e+09 | S19: =S18 -> 5.8379923e+09 | T19: =Q18*365+T18 -> 1.0162424e+09 | U19: =VLOOKUP($D$14*(R19/S19),PVT_data!$G$9:$H$33, 2) -> 210 | V19: =$E$25-R19*VLOOKUP(U19,PVT_data!$A$9:$E$33,4)/1000000 -> 998508.25 | X19: 3 | Y19: =F$23 -> 653363.82 | Z19: =AA19-AB19 -> 3.2959794e+09 | AA19: =AA18 -> 4.0114128e+09 | AB19: =Y18*365+AB18 -> 7.1543338e+08 | AC19: =VLOOKUP($D$14*(Z19/AA19),PVT_data!$G$9:$H$33, 2) -> 210 | AD19: =$F$25-Z19*VLOOKUP(AC19,PVT_data!$A$9:$E$33,4)/1000000 -> 689928.84
C20: GIIP | D20: =$D$13*D17*D18*(1-D19)/MDT_data!G4 -> 7.7716452e+09 | E20: =$D$13*E17*E18*(1-E19)/MDT_data!G4 -> 5.8379923e+09 | F20: =$D$13*F17*F18*(1-F19)/MDT_data!G4 -> 4.0114128e+09 | H20: 4 | I20: =D$23 -> 1000000 | J20: =K20-L20 -> 6.3116452e+09 | K20: =K19 -> 7.7716452e+09 | L20: =I19*365+L19 -> 1460000000 | M20: =VLOOKUP($D$14*(J20/K20),PVT_data!$G$9:$H$33, 2) -> 210 | N20: =$D$25-J20*VLOOKUP(M20,PVT_data!$A$9:$E$33,4)/1000000 -> 1353174.6 | P20: 4 | Q20: =E$23 -> 928075.28 | R20: =S20-T20 -> 4.4830024e+09 | S20: =S19 -> 5.8379923e+09 | T20: =Q19*365+T19 -> 1.3549899e+09 | U20: =VLOOKUP($D$14*(R20/S20),PVT_data!$G$9:$H$33, 2) -> 195 | V20: =$E$25-R20*VLOOKUP(U20,PVT_data!$A$9:$E$33,4)/1000000 -> 1155664.1 | X20: 4 | Y20: =F$23 -> 653363.82 | Z20: =AA20-AB20 -> 3.0575016e+09 | AA20: =AA19 -> 4.0114128e+09 | AB20: =Y19*365+AB19 -> 9.5391118e+08 | AC20: =VLOOKUP($D$14*(Z20/AA20),PVT_data!$G$9:$H$33, 2) -> 195 | AD20: =$F$25-Z20*VLOOKUP(AC20,PVT_data!$A$9:$E$33,4)/1000000 -> 798775.79
C21: RF | D21: =prod_data!N28 -> 0.73167694 | E21: =D21 -> 0.73167694 | F21: =E21 -> 0.73167694 | H21: 5 | I21: =D$23 -> 1000000 | J21: =K21-L21 -> 5.9466452e+09 | K21: =K20 -> 7.7716452e+09 | L21: =I20*365+L20 -> 1825000000 | M21: =VLOOKUP($D$14*(J21/K21),PVT_data!$G$9:$H$33, 2) -> 195 | N21: =$D$25-J21*VLOOKUP(M21,PVT_data!$A$9:$E$33,4)/1000000 -> 1542795.5 | P21: 5 | Q21: =E$23 -> 928075.28 | R21: =S21-T21 -> 4.1442549e+09 | S21: =S20 -> 5.8379923e+09 | T21: =Q20*365+T20 -> 1.6937374e+09 | U21: =VLOOKUP($D$14*(R21/S21),PVT_data!$G$9:$H$33, 2) -> 180 | V21: =$E$25-R21*VLOOKUP(U21,PVT_data!$A$9:$E$33,4)/1000000 -> 1289103.5 | X21: 5 | Y21: =F$23 -> 653363.82 | Z21: =AA21-AB21 -> 2.8190238e+09 | AA21: =AA20 -> 4.0114128e+09 | AB21: =Y20*365+AB20 -> 1.192389e+09 | AC21: =VLOOKUP($D$14*(Z21/AA21),PVT_data!$G$9:$H$33, 2) -> 180 | AD21: =$F$25-Z21*VLOOKUP(AC21,PVT_data!$A$9:$E$33,4)/1000000 -> 891197.48
C22: EUR | D22: =D21*D20 -> 5.6863336e+09 | E22: =E21*E20 -> 4.2715244e+09 | F22: =F21*F20 -> 2.9350582e+09 | H22: 6 | I22: =D$23 -> 1000000 | J22: =K22-L22 -> 5.5816452e+09 | K22: =K21 -> 7.7716452e+09 | L22: =I21*365+L21 -> 2190000000 | M22: =VLOOKUP($D$14*(J22/K22),PVT_data!$G$9:$H$33, 2) -> 180 | N22: =$D$25-J22*VLOOKUP(M22,PVT_data!$A$9:$E$33,4)/1000000 -> 1703790.4 | P22: 6 | Q22: =E$23 -> 928075.28 | R22: =S22-T22 -> 3.8055075e+09 | S22: =S21 -> 5.8379923e+09 | T22: =Q21*365+T21 -> 2.0324849e+09 | U22: =VLOOKUP($D$14*(R22/S22),PVT_data!$G$9:$H$33, 2) -> 165 | V22: =$E$25-R22*VLOOKUP(U22,PVT_data!$A$9:$E$33,4)/1000000 -> 1401622.8 | X22: 6 | Y22: =F$23 -> 653363.82 | Z22: =AA22-AB22 -> 2.580546e+09 | AA22: =AA21 -> 4.0114128e+09 | AB22: =Y21*365+AB21 -> 1.4308668e+09 | AC22: =VLOOKUP($D$14*(Z22/AA22),PVT_data!$G$9:$H$33, 2) -> 165 | AD22: =$F$25-Z22*VLOOKUP(AC22,PVT_data!$A$9:$E$33,4)/1000000 -> 969162.61
C23: Initial Rate | D23: 1000000 | E23: 928075.28 | F23: 653363.82 | H23: 7 | I23: =D$23 -> 1000000 | J23: =K23-L23 -> 5.2166452e+09 | K23: =K22 -> 7.7716452e+09 | L23: =I22*365+L22 -> 2555000000 | M23: =VLOOKUP($D$14*(J23/K23),PVT_data!$G$9:$H$33, 2) -> 165 | N23: =$D$25-J23*VLOOKUP(M23,PVT_data!$A$9:$E$33,4)/1000000 -> 1839172.5 | P23: 7 | Q23: =E$23 -> 928075.28 | R23: =S23-T23 -> 3.46676e+09 | S23: =S22 -> 5.8379923e+09 | T23: =Q22*365+T22 -> 2.3712323e+09 | U23: =VLOOKUP($D$14*(R23/S23),PVT_data!$G$9:$H$33, 2) -> 150 | V23: =$E$25-R23*VLOOKUP(U23,PVT_data!$A$9:$E$33,4)/1000000 -> 1496018.6 | X23: 7 | Y23: =F$23 -> 653363.82 | Z23: =AA23-AB23 -> 2.3420682e+09 | AA23: =AA22 -> 4.0114128e+09 | AB23: =Y22*365+AB22 -> 1.6693446e+09 | AC23: =VLOOKUP($D$14*(Z23/AA23),PVT_data!$G$9:$H$33, 2) -> 150 | AD23: =$F$25-Z23*VLOOKUP(AC23,PVT_data!$A$9:$E$33,4)/1000000 -> 1034639.9
C24: DeclineRate | D24: =(D23-200000)/(J26-(D20-D22))*365 -> 0.14339497 | E24: =(E23-200000)/(R26-(E20-E22))*365 -> 0.30060245 | F24: =(F23-200000)/(Z26-(F20-F22))*365 -> 0.30071546 | H24: 8 | I24: =D$23 -> 1000000 | J24: =K24-L24 -> 4.8516452e+09 | K24: =K23 -> 7.7716452e+09 | L24: =I23*365+L23 -> 2920000000 | M24: =VLOOKUP($D$14*(J24/K24),PVT_data!$G$9:$H$33, 2) -> 165 | N24: =$D$25-J24*VLOOKUP(M24,PVT_data!$A$9:$E$33,4)/1000000 -> 1903834.4 | P24: 8 | Q24: =E$23 -> 928075.28 | R24: =S24-T24 -> 3.1280125e+09 | S24: =S23 -> 5.8379923e+09 | T24: =Q23*365+T23 -> 2.7099798e+09 | U24: =VLOOKUP($D$14*(R24/S24),PVT_data!$G$9:$H$33, 2) -> 135 | V24: =$E$25-R24*VLOOKUP(U24,PVT_data!$A$9:$E$33,4)/1000000 -> 1575087.1 | X24: 8 | Y24: =F$23 -> 653363.82 | Z24: =AA24-AB24 -> 2.1035904e+09 | AA24: =AA23 -> 4.0114128e+09 | AB24: =Y23*365+AB23 -> 1.9078224e+09 | AC24: =VLOOKUP($D$14*(Z24/AA24),PVT_data!$G$9:$H$33, 2) -> 135 | AD24: =$F$25-Z24*VLOOKUP(AC24,PVT_data!$A$9:$E$33,4)/1000000 -> 1089597.9
C25: CIIP | D25: =D20*VLOOKUP(MDT_data!$C$29,PVT_data!$A$9:$E$33,4)/1000000 -> 2763331.8 | E25: =E20*VLOOKUP(MDT_data!$C$29,PVT_data!$A$9:$E$33,4)/1000000 -> 2075790.8 | F25: =F20*VLOOKUP(MDT_data!$C$29,PVT_data!$A$9:$E$33,4)/1000000 -> 1426321.5 | H25: 9 | I25: =D$23 -> 1000000 | J25: =K25-L25 -> 4.4866452e+09 | K25: =K24 -> 7.7716452e+09 | L25: =I24*365+L24 -> 3285000000 | M25: =VLOOKUP($D$14*(J25/K25),PVT_data!$G$9:$H$33, 2) -> 150 | N25: =$D$25-J25*VLOOKUP(M25,PVT_data!$A$9:$E$33,4)/1000000 -> 2012996.5 | P25: 9 | Q25: =E$23 -> 928075.28 | R25: =S25-T25 -> 2.789265e+09 | S25: =S24 -> 5.8379923e+09 | T25: =Q24*365+T24 -> 3.0487273e+09 | U25: =VLOOKUP($D$14*(R25/S25),PVT_data!$G$9:$H$33, 2) -> 120 | V25: =$E$25-R25*VLOOKUP(U25,PVT_data!$A$9:$E$33,4)/1000000 -> 1641625 | X25: 9 | Y25: =F$23 -> 653363.82 | Z25: =AA25-AB25 -> 1.8651126e+09 | AA25: =AA24 -> 4.0114128e+09 | AB25: =Y24*365+AB24 -> 2.1463001e+09 | AC25: =VLOOKUP($D$14*(Z25/AA25),PVT_data!$G$9:$H$33, 2) -> 120 | AD25: =$F$25-Z25*VLOOKUP(AC25,PVT_data!$A$9:$E$33,4)/1000000 -> 1136005.5
H26: 10 | I26: =D$23 -> 1000000 | J26: =K26-L26 -> 4.1216452e+09 | K26: =K25 -> 7.7716452e+09 | L26: =I25*365+L25 -> 3650000000 | M26: =VLOOKUP($D$14*(J26/K26),PVT_data!$G$9:$H$33, 2) -> 135 | N26: =$D$25-J26*VLOOKUP(M26,PVT_data!$A$9:$E$33,4)/1000000 -> 2103576.5 | P26: 10 | Q26: =E$23 -> 928075.28 | R26: =S26-T26 -> 2.4505176e+09 | S26: =S25 -> 5.8379923e+09 | T26: =Q25*365+T25 -> 3.3874748e+09 | U26: =VLOOKUP($D$14*(R26/S26),PVT_data!$G$9:$H$33, 2) -> 105 | V26: =$E$25-R26*VLOOKUP(U26,PVT_data!$A$9:$E$33,4)/1000000 -> 1698428.6 | X26: 10 | Y26: =F$23 -> 653363.82 | Z26: =AA26-AB26 -> 1.6266349e+09 | AA26: =AA25 -> 4.0114128e+09 | AB26: =Y25*365+AB25 -> 2.3847779e+09 | AC26: =VLOOKUP($D$14*(Z26/AA26),PVT_data!$G$9:$H$33, 2) -> 105 | AD26: =$F$25-Z26*VLOOKUP(AC26,PVT_data!$A$9:$E$33,4)/1000000 -> 1175831.3
H27: 11 | I27: =I26*(1-D$24) -> 856605.03 | J27: =K27-L27 -> 3.7566452e+09 | K27: =K26 -> 7.7716452e+09 | L27: =I26*365+L26 -> 4015000000 | M27: =VLOOKUP($D$14*(J27/K27),PVT_data!$G$9:$H$33, 2) -> 120 | N27: =$D$25-J27*VLOOKUP(M27,PVT_data!$A$9:$E$33,4)/1000000 -> 2178587.5 | P27: 11 | Q27: =Q26*(1-E$24) -> 649093.57 | R27: =S27-T27 -> 2.1117701e+09 | S27: =S26 -> 5.8379923e+09 | T27: =Q26*365+T26 -> 3.7262222e+09 | U27: =VLOOKUP($D$14*(R27/S27),PVT_data!$G$9:$H$33, 2) -> 90 | V27: =$E$25-R27*VLOOKUP(U27,PVT_data!$A$9:$E$33,4)/1000000 -> 1748294.4 | X27: 11 | Y27: =Y26*(1-F$24) -> 456887.22 | Z27: =AA27-AB27 -> 1.3881571e+09 | AA27: =AA26 -> 4.0114128e+09 | AB27: =Y26*365+AB26 -> 2.6232557e+09 | AC27: =VLOOKUP($D$14*(Z27/AA27),PVT_data!$G$9:$H$33, 2) -> 90 | AD27: =$F$25-Z27*VLOOKUP(AC27,PVT_data!$A$9:$E$33,4)/1000000 -> 1211044
H28: 12 | I28: =I27*(1-D$24) -> 733772.17 | J28: =K28-L28 -> 3.4439844e+09 | K28: =K27 -> 7.7716452e+09 | L28: =I27*365+L27 -> 4.3276608e+09 | M28: =VLOOKUP($D$14*(J28/K28),PVT_data!$G$9:$H$33, 2) -> 105 | N28: =$D$25-J28*VLOOKUP(M28,PVT_data!$A$9:$E$33,4)/1000000 -> 2232982.8 | P28: 12 | Q28: =Q27*(1-E$24) -> 453974.45 | R28: =S28-T28 -> 1.8748509e+09 | S28: =S27 -> 5.8379923e+09 | T28: =Q27*365+T27 -> 3.9631414e+09 | U28: =VLOOKUP($D$14*(R28/S28),PVT_data!$G$9:$H$33, 2) -> 75 | V28: =$E$25-R28*VLOOKUP(U28,PVT_data!$A$9:$E$33,4)/1000000 -> 1777836 | X28: 12 | Y28: =Y27*(1-F$24) -> 319494.17 | Z28: =AA28-AB28 -> 1.2213932e+09 | AA28: =AA27 -> 4.0114128e+09 | AB28: =Y27*365+AB27 -> 2.7900196e+09 | AC28: =VLOOKUP($D$14*(Z28/AA28),PVT_data!$G$9:$H$33, 2) -> 75 | AD28: =$F$25-Z28*VLOOKUP(AC28,PVT_data!$A$9:$E$33,4)/1000000 -> 1232215.4
H29: 13 | I29: =I28*(1-D$24) -> 628552.93 | J29: =K29-L29 -> 3.1761575e+09 | K29: =K28 -> 7.7716452e+09 | L29: =I28*365+L28 -> 4.5954877e+09 | M29: =VLOOKUP($D$14*(J29/K29),PVT_data!$G$9:$H$33, 2) -> 105 | N29: =$D$25-J29*VLOOKUP(M29,PVT_data!$A$9:$E$33,4)/1000000 -> 2274226.2 | P29: 13 | Q29: =Q28*(1-E$24) -> 317508.62 | R29: =S29-T29 -> 1.7091503e+09 | S29: =S28 -> 5.8379923e+09 | T29: =Q28*365+T28 -> 4.1288421e+09 | U29: =VLOOKUP($D$14*(R29/S29),PVT_data!$G$9:$H$33, 2) -> 75 | V29: =$E$25-R29*VLOOKUP(U29,PVT_data!$A$9:$E$33,4)/1000000 -> 1804169.5 | X29: 13 | Y29: =Y28*(1-F$24) -> 223417.33 | Z29: =AA29-AB29 -> 1.1047779e+09 | AA29: =AA28 -> 4.0114128e+09 | AB29: =Y28*365+AB28 -> 2.9066349e+09 | AC29: =VLOOKUP($D$14*(Z29/AA29),PVT_data!$G$9:$H$33, 2) -> 75 | AD29: =$F$25-Z29*VLOOKUP(AC29,PVT_data!$A$9:$E$33,4)/1000000 -> 1250748.1
H30: 14 | I30: =I29*(1-D$24) -> 538421.6 | J30: =K30-L30 -> 2.9467357e+09 | K30: =K29 -> 7.7716452e+09 | L30: =I29*365+L29 -> 4.8249095e+09 | M30: =VLOOKUP($D$14*(J30/K30),PVT_data!$G$9:$H$33, 2) -> 90 | N30: =$D$25-J30*VLOOKUP(M30,PVT_data!$A$9:$E$33,4)/1000000 -> 2306347.6 | P30: 14 | Q30: =Q29*(1-E$24) -> 222064.75 | R30: =S30-T30 -> 1.5932596e+09 | S30: =S29 -> 5.8379923e+09 | T30: =Q29*365+T29 -> 4.2447327e+09 | U30: =VLOOKUP($D$14*(R30/S30),PVT_data!$G$9:$H$33, 2) -> 75 | V30: =$E$25-R30*VLOOKUP(U30,PVT_data!$A$9:$E$33,4)/1000000 -> 1822587 | X30: 14 | Y30: =Y29*(1-F$24) -> 156232.28 | Z30: =AA30-AB30 -> 1.0232305e+09 | AA30: =AA29 -> 4.0114128e+09 | AB30: =Y29*365+AB29 -> 2.9881823e+09 | AC30: =VLOOKUP($D$14*(Z30/AA30),PVT_data!$G$9:$H$33, 2) -> 60 | AD30: =$F$25-Z30*VLOOKUP(AC30,PVT_data!$A$9:$E$33,4)/1000000 -> 1256962.5
H31: 15 | I31: =I30*(1-D$24) -> 461214.65 | J31: =K31-L31 -> 2.7502118e+09 | K31: =K30 -> 7.7716452e+09 | L31: =I30*365+L30 -> 5.0214334e+09 | M31: =VLOOKUP($D$14*(J31/K31),PVT_data!$G$9:$H$33, 2) -> 90 | N31: =$D$25-J31*VLOOKUP(M31,PVT_data!$A$9:$E$33,4)/1000000 -> 2336824.9 | P31: 15 | Q31: =Q30*(1-E$24) -> 155311.54 | R31: =S31-T31 -> 1.512206e+09 | S31: =S30 -> 5.8379923e+09 | T31: =Q30*365+T30 -> 4.3257863e+09 | U31: =VLOOKUP($D$14*(R31/S31),PVT_data!$G$9:$H$33, 2) -> 60 | V31: =$E$25-R31*VLOOKUP(U31,PVT_data!$A$9:$E$33,4)/1000000 -> 1825499.6
H32: 16 | I32: =I31*(1-D$24) -> 395078.79 | J32: =K32-L32 -> 2.5818685e+09 | K32: =K31 -> 7.7716452e+09 | L32: =I31*365+L31 -> 5.1897767e+09 | M32: =VLOOKUP($D$14*(J32/K32),PVT_data!$G$9:$H$33, 2) -> 90 | N32: =$D$25-J32*VLOOKUP(M32,PVT_data!$A$9:$E$33,4)/1000000 -> 2362931.8
H33: 17 | I33: =I32*(1-D$24) -> 338426.48 | J33: =K33-L33 -> 2.4376647e+09 | K33: =K32 -> 7.7716452e+09 | L33: =I32*365+L32 -> 5.3339805e+09 | M33: =VLOOKUP($D$14*(J33/K33),PVT_data!$G$9:$H$33, 2) -> 75 | N33: =$D$25-J33*VLOOKUP(M33,PVT_data!$A$9:$E$33,4)/1000000 -> 2375933.6
H34: 18 | I34: =I33*(1-D$24) -> 289897.82 | J34: =K34-L34 -> 2.3141391e+09 | K34: =K33 -> 7.7716452e+09 | L34: =I33*365+L33 -> 5.4575062e+09 | M34: =VLOOKUP($D$14*(J34/K34),PVT_data!$G$9:$H$33, 2) -> 75 | N34: =$D$25-J34*VLOOKUP(M34,PVT_data!$A$9:$E$33,4)/1000000 -> 2395564.5
H35: 19 | I35: =I34*(1-D$24) -> 248327.93 | J35: =K35-L35 -> 2.2083264e+09 | K35: =K34 -> 7.7716452e+09 | L35: =I34*365+L34 -> 5.5633189e+09 | M35: =VLOOKUP($D$14*(J35/K35),PVT_data!$G$9:$H$33, 2) -> 75 | N35: =$D$25-J35*VLOOKUP(M35,PVT_data!$A$9:$E$33,4)/1000000 -> 2412380.5
H36: 20 | I36: =I35*(1-D$24) -> 212718.95 | J36: =K36-L36 -> 2.1176867e+09 | K36: =K35 -> 7.7716452e+09 | L36: =I35*365+L35 -> 5.6539586e+09 | M36: =VLOOKUP($D$14*(J36/K36),PVT_data!$G$9:$H$33, 2) -> 75 | N36: =$D$25-J36*VLOOKUP(M36,PVT_data!$A$9:$E$33,4)/1000000 -> 2426785.1
H37: 21 | I37: =I36*(1-D$24) -> 182216.13 | J37: =K37-L37 -> 2.0400443e+09 | K37: =K36 -> 7.7716452e+09 | L37: =I36*365+L36 -> 5.731601e+09 | M37: =VLOOKUP($D$14*(J37/K37),PVT_data!$G$9:$H$33, 2) -> 60 | N37: =$D$25-J37*VLOOKUP(M37,PVT_data!$A$9:$E$33,4)/1000000 -> 2425675.9

Sheet Saturation Calculation
A1: Level | B1: Area | E1: Level | F1: Cap Press | G1: Saturation | H1: A*Sw/SUM(A) | I1: rhog
A2: 2825 | B2: 66384.25 | E2: 2825 | F2: =9.8*(E$13-E2)*(1000-I$2)/100000 -> 21.231766 | G2: =VLOOKUP(F2,cap_pres!A$5:B$20,2) -> 0.2 | H2: =B2*G2/B$14 -> 0.0011537442 | I2: =MDT_data!H4 -> 212.17937
A3: 2850 | B3: 358195.97 | C3: =(A3-A2)*(B3+B2)/2 -> 5307252.8 | E3: 2850 | F3: =9.8*(E$13-E3)*(1000-I$2)/100000 -> 19.301605 | G3: =VLOOKUP(F3,cap_pres!A$5:B$20,2) -> 0.28077524 | H3: =B3*G3/B$14 -> 0.0087396489
A4: 2875 | B4: 588982.54 | C4: =(A4-A3)*(B4+B3)/2 -> 11839731 | E4: 2875 | F4: =9.8*(E$13-E4)*(1000-I$2)/100000 -> 17.371445 | G4: =VLOOKUP(F4,cap_pres!A$5:B$20,2) -> 0.28077524 | H4: =B4*G4/B$14 -> 0.014370627
A5: 2900 | B5: 1031353.7 | C5: =(A5-A4)*(B5+B4)/2 -> 20254202 | E5: 2900 | F5: =9.8*(E$13-E5)*(1000-I$2)/100000 -> 15.441284 | G5: =VLOOKUP(F5,cap_pres!A$5:B$20,2) -> 0.28077524 | H5: =B5*G5/B$14 -> 0.025164071
A6: 2925 | B6: 1014843.6 | C6: =(A6-A5)*(B6+B5)/2 -> 25577466 | E6: 2925 | F6: =9.8*(E$13-E6)*(1000-I$2)/100000 -> 13.511124 | G6: =VLOOKUP(F6,cap_pres!A$5:B$20,2) -> 0.28077524 | H6: =B6*G6/B$14 -> 0.024761242
A7: 2950 | B7: 1070644.3 | C7: =(A7-A6)*(B7+B6)/2 -> 26068600 | E7: 2950 | F7: =9.8*(E$13-E7)*(1000-I$2)/100000 -> 11.580963 | G7: =VLOOKUP(F7,cap_pres!A$5:B$20,2) -> 0.28077524 | H7: =B7*G7/B$14 -> 0.026122727
A8: 2975 | B8: 1065063 | C8: =(A8-A7)*(B8+B7)/2 -> 26696342 | E8: 2975 | F8: =9.8*(E$13-E8)*(1000-I$2)/100000 -> 9.6508027 | G8: =VLOOKUP(F8,cap_pres!A$5:B$20,2) -> 0.28077524 | H8: =B8*G8/B$14 -> 0.025986548
A9: 3000 | B9: 1007637.6 | C9: =(A9-A8)*(B9+B8)/2 -> 25908757 | E9: 3000 | F9: =9.8*(E$13-E9)*(1000-I$2)/100000 -> 7.7206422 | G9: =VLOOKUP(F9,cap_pres!A$5:B$20,2) -> 0.32554431 | H9: =B9*G9/B$14 -> 0.028505518
A10: 3025 | B10: 961897.75 | C10: =(A10-A9)*(B10+B9)/2 -> 24619191 | E10: 3025 | F10: =9.8*(E$13-E10)*(1000-I$2)/100000 -> 5.7904816 | G10: =VLOOKUP(F10,cap_pres!A$5:B$20,2) -> 0.38393874 | H10: =B10*G10/B$14 -> 0.032092631
A11: 3050 | B11: 906712.69 | C11: =(A11-A10)*(B11+B10)/2 -> 23357630 | E11: 3050 | F11: =9.8*(E$13-E11)*(1000-I$2)/100000 -> 3.8603211 | G11: =VLOOKUP(F11,cap_pres!A$5:B$20,2) -> 0.48710224 | H11: =B11*G11/B$14 -> 0.03837994
A12: 3075 | B12: 944276.82 | C12: =(A12-A11)*(B12+B11)/2 -> 23137369 | E12: 3075 | F12: =9.8*(E$13-E12)*(1000-I$2)/100000 -> 1.9301605 | G12: =VLOOKUP(F12,cap_pres!A$5:B$20,2) -> 0.69732219 | H12: =B12*G12/B$14 -> 0.057219926
A13: 3100 | B13: 2491628 | C13: =(A13-A12)*(B13+B12)/2 -> 42948810 | E13: 3100 | F13: =9.8*(E$13-E13)*(1000-I$2)/100000 -> 0 | G13: =VLOOKUP(F13,cap_pres!A$5:B$20,2) -> 1 | H13: =B13*G13/B$14 -> 0.21651983
B14: =SUM(B2:B13) -> 11507620 | C14: =SUM(C2:C13) -> 2.5571535e+08 | H14: =SUM(H2:H13) -> 0.49901646

Sheet cap_pres
A1: Capilliary pressure data
A3: cap pres | B3: Sw
A4: bar | D4: 2
A5: 0 | B5: 1
A6: 0.69241379 | B6: 0.99902676
A7: 0.89931034 | B7: 0.99221408
A8: 1.1206897 | B8: 0.87834493
A9: 1.3117241 | B9: 0.80827161
A10: 1.3903448 | B10: 0.78296736
A11: 1.7124138 | B11: 0.69732219
A12: 2.2924138 | B12: 0.60583758
A13: 2.4213793 | B13: 0.59123897
A14: 3.0524138 | B14: 0.51727269
A15: 3.4372414 | B15: 0.48710224
A16: 4.4468966 | B16: 0.42092188
... A20: 20 | B20: 0.2

Sheet PVT_data
A1: PVT data
A3: T,res | B3: 90 | C3: deg C
A4: p,ref | B4: 1 | C4: bar
A5: T,ref | B5: 15 | C5: deg C
A7: pres | B7: Z | C7: ug | D7: CGR | E7: shrinkage | G7: p/z | H7: Pressure
A8: bar | C8: cP | D8: sm3/Msm3 | H8: bar
A9: 0 | B9: 1 | C9: 0.011363266 | D9: 219.4 | E9: 0.962 | G9: =A9/B9 -> 0 | H9: =A9 -> 0
A10: 15 | B10: 0.98129483 | C10: 0.011836326 | D10: 201.80088 | E10: 0.96507192 | G10: =A10/B10 -> 15.285926 | H10: =A10 -> 15
A11: 30 | B11: 0.9636323 | C11: 0.012320305 | D11: 186.9535 | E11: 0.9676637 | G11: =A11/B11 -> 31.132207 | H11: =A11 -> 30
A12: 45 | B12: 0.94704958 | C12: 0.012814995 | D12: 174.85788 | E12: 0.96977532 | G12: =A12/B12 -> 47.515992 | H12: =A12 -> 45
A13: 60 | B13: 0.9318329 | C13: 0.01332016 | D13: 165.514 | E13: 0.9714068 | G13: =A13/B13 -> 64.389227 | H13: =A13 -> 60
A14: 75 | B14: 0.91812605 | C14: 0.013835541 | D14: 158.92188 | E14: 0.97255812 | G14: =A14/B14 -> 81.688129 | H14: =A14 -> 75
A15: 90 | B15: 0.90612117 | C15: 0.01436085 | D15: 155.0815 | E15: 0.9732293 | G15: =A15/B15 -> 99.324464 | H15: =A15 -> 90
A16: 105 | B16: 0.89600545 | C16: 0.014895775 | D16: 153.99288 | E16: 0.97342032 | G16: =A16/B16 -> 117.18679 | H16: =A16 -> 105
A17: 120 | B17: 0.88794647 | C17: 0.015439977 | D17: 155.656 | E17: 0.9731312 | G17: =A17/B17 -> 135.14328 | H17: =A17 -> 120
A18: 135 | B18: 0.88207654 | C18: 0.015993091 | D18: 160.07088 | E18: 0.97236192 | G18: =A18/B18 -> 153.04794 | H18: =A18 -> 135
A19: 150 | B19: 0.87847862 | C19: 0.016554727 | D19: 167.2375 | E19: 0.9711125 | G19: =A19/B19 -> 170.74975 | H19: =A19 -> 150
A20: 165 | B20: 0.87717695 | C20: 0.017124469 | D20: 177.15588 | E20: 0.96938293 | G20: =A20/B20 -> 188.10344 | H20: =A20 -> 165
... A33: 360 | B33: 1.0121081 | C33: 0.025037748 | D33: 556.504 | E33: 0.9032048 | G33: =A33/B33 -> 355.69322 | H33: =A33 -> 360

Sheet MDT_data
A1: MDT data
A3: well | B3: depth | C3: pressure | F3: z | G3: Bg | H3: rhog
B4: m ahd | C4: bar | F4: =VLOOKUP(C29, PVT_data!A$9:E$33, 2) -> 0.93649214 | G4: =0.00347*F4*363/C29 -> 0.0039585003 | H4: =0.65*1.293*288*C29/(363*F4) -> 212.17937
A5: 15/9-A | B5: 3050.9632 | C5: 296.76632
A6: 15/9-A | B6: 3063.1507 | C6: 297.90707
A7: 15/9-A | B7: 3070.3758 | C7: 298.70058
A8: 15/9-A | B8: 3083.6902 | C8: 300.05402
A9: 15/9-A | B9: 3093.621 | C9: 301.1391
A10: 15/9-A | B10: 3103.327 | C10: 301.9867
A11: 15/9-A | B11: 3117.9979 | C11: 303.42979
A12: 15/9-A | B12: 3127.4769 | C12: 304.40569
A13: 15/9-B | B13: 3034.5372 | C13: 297.90207
A14: 15/9-B | B14: 3042.664 | C14: 298.09277
A15: 15/9-B | B15: 3046.9537 | C15: 298.25135
A16: 15/9-B | B16: 3060.4945 | C16: 298.46245
... A28: 15/9-C | B28: 2917.2784 | C28: 296.13778
C29: =AVERAGE(C5:C28) -> 297.9954

Sheet well_test_VFP
A1: 15/9-C well test & VFP data
A3: well test data | D3: VFP data
L4: Pr | M4: 300
A5: flowrate | B5: pwf | D5: flowrate | E5: THP (bar)
A6: sm3/d | B6: bar | D6: sm3/d | E6: 20 | F6: 40 | G6: 60 | H6: 80 | I6: 100 | M6: DelP2 | N6: Q
A7: 250000 | B7: 291.30079 | D7: 0 | E7: 23.532732 | F7: 47.341165 | G7: 71.415881 | H7: 95.71907 | I7: 120.17422 | M7: =M$4^2 - B7^2 -> 5143.8496 | N7: =A7 -> 250000
A8: 500000 | B8: 265.91742 | D8: 269503.21 | E8: 57.624255 | F8: 70.450258 | G8: 88.151653 | H8: 108.54472 | I8: 130.44418 | M8: =M$4^2 - B8^2 -> 19287.927 | N8: =A8 -> 500000
A9: 750000 | B9: 227.77142 | D9: 427700.1 | E9: 85.947754 | F9: 94.844019 | G9: 108.41662 | H9: 125.34501 | I9: 144.54364 | M9: =M$4^2 - B9^2 -> 38120.182 | N9: =A9 -> 750000
A10: 1000000 | B10: 173.04268 | D10: 550871.38 | E10: 108.30046 | F10: 115.39162 | G10: 126.65017 | H10: 141.27142 | I10: 158.42677 | M10: =M$4^2 - B10^2 -> 60056.23 | N10: =A10 -> 1000000
D11: 654388.36 | E11: 127.099 | F11: 133.13855 | G11: 142.92699 | H11: 155.94164 | I11: 171.55507
D12: 744545.77 | E12: 143.46205 | F12: 148.80767 | G12: 157.57883 | H12: 169.41827 | I12: 183.84183
D13: 824596.72 | E13: 157.99128 | F13: 162.84328 | G13: 170.86902 | H13: 181.81523 | I13: 195.2995
A14: flowrate | B14: pwf | D14: 896436.02 | E14: 171.04219 | F14: 175.52519 | G14: 182.98252 | H14: 193.22998 | I14: 205.95882
A15: sm3/d | B15: bar | D15: 961246.13 | E15: 182.83656 | F15: 187.03416 | G15: 194.0457 | H15: 203.73441 | I15: 215.84678
A16: =2*A7 -> 500000 | B16: 291.30079 | D16: 1019795.8 | E16: 193.51694 | F16: 197.48825 | G16: 204.14275 | H16: 213.3779 | I16: 224.98148
A17: =2*A8 -> 1000000 | B17: 265.91742 | D17: 1072597 | E17: 203.17556 | F17: 206.96437 | G17: 213.32878 | H17: 222.19188 | I17: 233.37237
A18: =2*A9 -> 1500000 | B18: 227.77142 | D18: 1119994.9 | E18: 211.87224 | F18: 215.51214 | G18: 221.63884 | H18: 230.19434 | I18: 241.02162
A19: =2*A10 -> 2000000 | B19: 173.04268 | D19: 1162223.1 | E19: 219.64467 | F19: 223.1624 | G19: 229.09372 | H19: 237.39382 | I19: 247.92595
D20: 1199438.1 | E20: 226.51556 | F20: 229.93287 | G20: 235.70309 | H20: 243.79206 | I20: 254.07833
D21: 1231740.4 | E21: 232.497 | F21: 235.83274 | G21: 241.47037 | H21: 249.38567 | I21: 259.46865
D22: 1259187 | E22: 237.59351 | F22: 240.86236 | G22: 246.39302 | H22: 254.16733 | I22: 264.08459
D23: 1281796.5 | E23: 241.80151 | F23: 245.0177 | G23: 250.46367 | H23: 258.12621 | I23: 267.91171
D24: 1299550.9 | E24: 245.11241 | F24: 248.28859 | G24: 253.67012 | H24: 261.24731 | I24: 270.93215
D25: 1312393.2 | E25: 247.51098 | F25: 250.65884 | G25: 255.99481 | H25: 263.51172 | I25: 273.12527
D26: 1320223.3 | E26: 248.97495 | F26: 252.10587 | G26: 257.41457 | H26: 264.89524 | I26: 274.46596
D27: 1322891.6 | E27: 249.47412 | F27: 252.59931 | G27: 257.89877 | H27: 265.36719 | I27: 274.92329
E29: Single | J29: Double
D30: THP | E30: Q | F30: Pwf | G30: Drawdown | I30: THP | J30: Q | K30: Pwf | L30: Drawdown
D31: 20 | E31: 0.96 | F31: 182 | G31: =300-F31 -> 118 | I31: 20 | J31: 0.96 | K31: 245 | L31: =300-K31 -> 55
D32: 40 | E32: 0.945 | F32: 185 | G32: =300-F32 -> 115 | I32: 40 | J32: 0.945 | K32: 246 | L32: =300-K32 -> 54
D33: 60 | E33: 0.93 | F33: 188 | G33: =300-F33 -> 112 | I33: 60 | J33: 0.93 | K33: 247.5 | L33: =300-K33 -> 52.5
D34: 80 | E34: 0.905 | F34: 194 | G34: =300-F34 -> 106 | I34: 80 | J34: 0.905 | K34: 250 | L34: =300-K34 -> 50
D35: 100 | E35: 0.87 | F35: 202 | G35: =300-F35 -> 98 | I35: 100 | J35: 0.87 | K35: 256 | L35: =300-K35 -> 44

Sheet prod_data
A1: Merlin field production data
A3: production stopped 31 Mar 2013 after the production of 1555 Msm3 gas
A5: Tres | B5: 85 | C5: deg C
A6: pinit | B6: 241.5 | C6: bar
A8: date | B8: cum. gas | C8: pres (barsa)
B9: Msm3 | C9: MRL-1 | D9: MRL-4 | E9: MRL-6 | G9: Gp | H9: P | I9: z | J9: p/z
A10: 39083 | B10: 0 | C10: 241.37931 | G10: =B10 -> 0 | H10: =SUM(C10:E10) -> 241.37931 | I10: =VLOOKUP(H10, PVT_data!$A$9:$E$33,2) -> 0.90213446 | J10: =H10/I10 -> 267.56467
A11: 39402 | B11: 93.3987 | C11: 230.31659 | G11: =B11 -> 93.3987 | H11: =SUM(C11:E11) -> 230.31659 | I11: =VLOOKUP(H11, PVT_data!$A$9:$E$33,2) -> 0.89343436 | J11: =H11/I11 -> 257.78793
A12: 39490 | B12: 112.18348 | E12: 225.52239 | G12: =B12 -> 112.18348 | H12: =SUM(C12:E12) -> 225.52239 | I12: =VLOOKUP(H12, PVT_data!$A$9:$E$33,2) -> 0.89343436 | J12: =H12/I12 -> 252.42189
A13: 39525 | B13: 140.27603 | C13: 222.66488 | G13: =B13 -> 140.27603 | H13: =SUM(C13:E13) -> 222.66488 | I13: =VLOOKUP(H13, PVT_data!$A$9:$E$33,2) -> 0.88641533 | J13: =H13/I13 -> 251.19701
A14: 39788 | B14: 311.92683 | D14: 208.16483 | G14: =B14 -> 311.92683 | H14: =SUM(C14:E14) -> 208.16483 | I14: =VLOOKUP(H14, PVT_data!$A$9:$E$33,2) -> 0.88125989 | J14: =H14/I14 -> 236.21276
A15: 39796 | B15: 319.17319 | E15: 188.79054 | G15: =B15 -> 319.17319 | H15: =SUM(C15:E15) -> 188.79054 | I15: =VLOOKUP(H15, PVT_data!$A$9:$E$33,2) -> 0.87813484 | J15: =H15/I15 -> 214.99037
A16: 39832 | B16: 351.31662 | E16: 186.58261 | G16: =B16 -> 351.31662 | H16: =SUM(C16:E16) -> 186.58261 | I16: =VLOOKUP(H16, PVT_data!$A$9:$E$33,2) -> 0.87813484 | J16: =H16/I16 -> 212.47604
A17: 40239 | B17: 676.83256 | E17: 164.80444 | G17: =B17 -> 676.83256 | H17: =SUM(C17:E17) -> 164.80444 | I17: =VLOOKUP(H17, PVT_data!$A$9:$E$33,2) -> 0.87847862 | J17: =H17/I17 -> 187.60211
A18: 40281 | B18: 704.65134 | C18: 165.13875 | G18: =B18 -> 704.65134 | H18: =SUM(C18:E18) -> 165.13875 | I18: =VLOOKUP(H18, PVT_data!$A$9:$E$33,2) -> 0.87717695 | J18: =H18/I18 -> 188.26162
A19: 40282 | B19: 705.53715 | D19: 172.1124 | G19: =B19 -> 705.53715 | H19: =SUM(C19:E19) -> 172.1124 | I19: =VLOOKUP(H19, PVT_data!$A$9:$E$33,2) -> 0.87717695 | J19: =H19/I19 -> 196.21173
A20: 40298 | B20: 715.80167 | E20: 160.99075 | G20: =B20 -> 715.80167 | H20: =SUM(C20:E20) -> 160.99075 | I20: =VLOOKUP(H20, PVT_data!$A$9:$E$33,2) -> 0.87847862 | J20: =H20/I20 -> 183.26086
A21: 40345 | B21: 751.15686 | C21: 154.3526 | G21: =B21 -> 751.15686 | H21: =SUM(C21:E21) -> 154.3526 | I21: =VLOOKUP(H21, PVT_data!$A$9:$E$33,2) -> 0.87847862 | J21: =H21/I21 -> 175.70445
A22: 40477 | B22: 868.21198 | C22: 143.56645 | G22: =B22 -> 868.21198 | H22: =SUM(C22:E22) -> 143.56645 | I22: =VLOOKUP(H22, PVT_data!$A$9:$E$33,2) -> 0.88207654 | J22: =H22/I22 -> 162.75963
A23: 40522 | B23: 890.52525 | D23: 163.80878 | G23: =B23 -> 890.52525 | H23: =SUM(C23:E23) -> 163.80878 | I23: =VLOOKUP(H23, PVT_data!$A$9:$E$33,2) -> 0.87847862 | J23: =H23/I23 -> 186.46872
A24: 40566 | B24: 920.59523 | D24: 143.31251 | G24: =B24 -> 920.59523 | H24: =SUM(C24:E24) -> 143.31251 | I24: =VLOOKUP(H24, PVT_data!$A$9:$E$33,2) -> 0.88207654 | J24: =H24/I24 -> 162.47174
A25: 40601 | B25: 923.40989 | E25: 125.16214 | G25: =B25 -> 923.40989 | H25: =SUM(C25:E25) -> 125.16214 | I25: =VLOOKUP(H25, PVT_data!$A$9:$E$33,2) -> 0.88794647 | J25: =H25/I25 -> 140.95685
A26: 40626 | B26: 939.90116 | D26: 143.52273 | G26: =B26 -> 939.90116 | H26: =SUM(C26:E26) -> 143.52273 | I26: =VLOOKUP(H26, PVT_data!$A$9:$E$33,2) -> 0.88207654 | J26: =H26/I26 -> 162.71006
A27: 40716 | B27: 1014.6946 | D27: 118.82208 | G27: =B27 -> 1014.6946 | H27: =SUM(C27:E27) -> 118.82208 | I27: =VLOOKUP(H27, PVT_data!$A$9:$E$33,2) -> 0.89600545 | J27: =H27/I27 -> 132.61313 | M27: GIIP | N27: =271.76/0.1295 -> 2098.5328
A28: 40907 | B28: 1147.3079 | C28: 111.11582 | G28: =B28 -> 1147.3079 | H28: =SUM(C28:E28) -> 111.11582 | I28: =VLOOKUP(H28, PVT_data!$A$9:$E$33,2) -> 0.89600545 | J28: =H28/I28 -> 124.01243 | M28: RF | N28: =G33/N27 -> 0.73167694
A29: 40913 | B29: 1151.9332 | D29: 111.35934 | G29: =B29 -> 1151.9332 | H29: =SUM(C29:E29) -> 111.35934 | I29: =VLOOKUP(H29, PVT_data!$A$9:$E$33,2) -> 0.89600545 | J29: =H29/I29 -> 124.28422
A30: 40953 | B30: 1176.1943 | E30: 101.7782 | G30: =B30 -> 1176.1943 | H30: =SUM(C30:E30) -> 101.7782 | I30: =VLOOKUP(H30, PVT_data!$A$9:$E$33,2) -> 0.90612117 | J30: =H30/I30 -> 112.32295
A31: 41212 | B31: 1414.3664 | D31: 73.309837 | G31: =B31 -> 1414.3664 | H31: =SUM(C31:E31) -> 73.309837 | I31: =VLOOKUP(H31, PVT_data!$A$9:$E$33,2) -> 0.9318329 | J31: =H31/I31 -> 78.672728
A32: 41337 | B32: 1530.4082 | E32: 46.379342 | G32: =B32 -> 1530.4082 | H32: =SUM(C32:E32) -> 46.379342 | I32: =VLOOKUP(H32, PVT_data!$A$9:$E$33,2) -> 0.94704958 | J32: =H32/I32 -> 48.972455
A33: 41346 | B33: 1535.4481 | C33: 74.516661 | G33: =B33 -> 1535.4481 | H33: =SUM(C33:E33) -> 74.516661 | I33: =VLOOKUP(H33, PVT_data!$A$9:$E$33,2) -> 0.9318329 | J33: =H33/I33 -> 79.967837

Sheet Low
A1: Time(Years) | B1: ProdRate(Mm^3) | C1: Thp(bar) | D1: CumGasProd(Mm^3) | E1: CumCondProd(Mm^3)
A2: 0 | B2: 0.752 | C2: 100 | D2: 0 | E2: 0
A3: 1 | B3: 0.752 | C3: 100 | D3: 274.4903 | E3: 0.3646
A4: 2 | B4: 0.752 | C4: 100 | D4: 548.9807 | E4: 0.6767
A5: 3 | B5: 0.752 | C5: 100 | D5: 823.471 | E5: 0.9531
A6: 4 | B6: 0.752 | C6: 100 | D6: 1097.9614 | E6: 1.1953
A7: 5 | B7: 0.752 | C7: 100 | D7: 1372.4517 | E7: 1.4085
A8: 6 | B8: 0.752 | C8: 100 | D8: 1646.9421 | E8: 1.5969
A9: 7 | B9: 0.752 | C9: 100 | D9: 1921.4324 | E9: 1.7585
A10: 8 | B10: 0.752 | C10: 60 | D10: 2195.9228 | E10: 1.9026
A11: 9 | B11: 0.752 | C11: 60 | D11: 2470.4131 | E11: 2.032
A12: 10 | B12: 0.752 | C12: 20 | D12: 2744.9035 | E12: 2.1428
A13: 11 | B13: 0.692 | C13: 20 | D13: 3293.8842 | E13: 2.3326
... A35: 33 | B35: 0.1961 | C35: 20 | D35: 6610.2475 | E35: 2.9418

Sheet Mid
A1: Time(Years) | B1: ProdRate(Mm^3) | C1: Thp(bar) | D1: CumGasProd(Mm^3) | E1: CumCondProd(Mm^3)
A2: 0 | B2: 0.6702 | C2: 100 | D2: 0 | E2: 0
A3: 1 | B3: 0.6702 | C3: 100 | D3: 244.6307 | E3: 0.3191
A4: 2 | B4: 0.6702 | C4: 100 | D4: 489.2613 | E4: 0.5864
A5: 3 | B5: 0.6702 | C5: 100 | D5: 733.892 | E5: 0.8163
A6: 4 | B6: 0.6702 | C6: 100 | D6: 978.5226 | E6: 1.0113
A7: 5 | B7: 0.6702 | C7: 100 | D7: 1223.1533 | E7: 1.1785
A8: 6 | B8: 0.6702 | C8: 100 | D8: 1467.7839 | E8: 1.3198
A9: 7 | B9: 0.6702 | C9: 100 | D9: 1712.4146 | E9: 1.4406
A10: 8 | B10: 0.6702 | C10: 60 | D10: 1957.0452 | E10: 1.5449
A11: 9 | B11: 0.6702 | C11: 60 | D11: 2201.6759 | E11: 1.6354
A12: 10 | B12: 0.6702 | C12: 20 | D12: 2446.3065 | E12: 1.7144
A13: 11 | B13: 0.5834 | C13: 20 | D13: 2935.5678 | E13: 1.8411
... A27: 25 | B27: 0.1898 | C27: 20 | D27: 4845.5827 | E27: 2.1485

Sheet High
A1: Time(Years) | B1: ProdRate(Mm^3) | C1: Thp(bar) | D1: CumgasProd(Mm^3) | E1: CumCondProd(Mm^3)
A2: 0 | B2: 0.561 | C2: 100 | D2: 0 | E2: 0
A3: 1 | B3: 0.561 | C3: 100 | D3: 204.7655 | E3: 0.261
A4: 2 | B4: 0.561 | C4: 100 | D4: 409.531 | E4: 0.4746
A5: 3 | B5: 0.561 | C5: 100 | D5: 614.2965 | E5: 0.6507
A6: 4 | B6: 0.561 | C6: 100 | D6: 819.0621 | E6: 0.796
A7: 5 | B7: 0.561 | C7: 100 | D7: 1023.8276 | E7: 0.9153
A8: 6 | B8: 0.561 | C8: 100 | D8: 1228.5931 | E8: 1.0141
A9: 7 | B9: 0.561 | C9: 100 | D9: 1433.3586 | E9: 1.0962
A10: 8 | B10: 0.561 | C10: 60 | D10: 1638.1241 | E10: 1.1648
A11: 9 | B11: 0.561 | C11: 60 | D11: 1842.8896 | E11: 1.2229
A12: 10 | B12: 0.561 | C12: 20 | D12: 2047.6552 | E12: 1.272
A13: 11 | B13: 0.4573 | C13: 20 | D13: 2457.1862 | E13: 1.351
... A20: 18 | B20: 0.1962 | C20: 20 | D20: 3311.8575 | E20: 1.4739
